placename,type,city,state,rating,no of rating,best month to visit,famous activities,famous activities with rating,image,distance from airport,distance from bus stand,distance from railway station,prefer_friends,prefer_couple,prefer_family_children,prefer_family_no_children,opening_hours,website_uri,phone_number,place_types,lat,lon,display_name,google_rating,google_rating_count,primary_type_name,short_formatted_address,editorial_summary,review_summary,google_maps_uri,google_photo_refs,business_status,effective_name,suitable_for,weighted_rating
scuba diving center,Activity Center,agatti,Lakshadweep,5.0,284.0,"October,November,December","Diving,Training,Exploring","{'Diving': 4.3, 'Training': 4.1, 'Exploring': 4.4}",Laksha_Dives_Scuba_Dive_Resort_Agatti_Lakshadweep_0.webp,,,,True,True,True,True,"[""Monday: 7:00\u202fAM\u2009\u2013\u20099:00\u202fPM"", ""Tuesday: 7:00\u202fAM\u2009\u2013\u20099:00\u202fPM"", ""Wednesday: 7:00\u202fAM\u2009\u2013\u20099:00\u202fPM"", ""Thursday: 7:00\u202fAM\u2009\u2013\u20099:00\u202fPM"", ""Friday: 7:00\u202fAM\u2009\u2013\u20099:00\u202fPM"", ""Saturday: 7:00\u202fAM\u2009\u2013\u20099:00\u202fPM"", ""Sunday: 7:00\u202fAM\u2009\u2013\u20099:00\u202fPM""]",https://www.lakshadives.com/home,094972 15069,"sporting_goods_store, store, point_of_interest",10.833163,72.181152,Laksha'Dives Scuba Dive Resort,5.0,284.0,Sporting Goods Store,"Airport road, Agatti",,"People say this dive shop offers unforgettable scuba diving experiences with breathtaking underwater views of coral reefs and marine life. They highlight the professional, knowledgeable, and supportive dive masters and instructors who ensure safety and comfort, and the well-organized and smooth diving experience. They also like the friendly, polite, and helpful staff who create a welcoming and enjoyable atmosphere.",https://maps.google.com/?cid=14733440025168126313&g_mp=CiVnb29nbGUubWFwcy5wbGFjZXMudjEuUGxhY2VzLkdldFBsYWNlEAIYBCAA,"[""places/ChIJB_WNO5KJnjsRaSGrS6Sxd8w/photos/AaVGc3l9kpTU50VtA1yg17VjCquGPDwEHO6-nRkrOzBTYEd6LeW5bvY-eCnZoqrrkW2BsfiO1wXxWqjRYhvIf1AF-matkO_niTg_eWnlhYFBbSEXpF0GgOoSqWE0MHZb9ojBvKYt2t-019eGOK9UAd7JlyGlgGKacaN7Te1v6zCYC6pmxejsDiseyTFBPFu5Y0Mr6z75TJVZl5dEGDl3HjDD-NKmSqF0CW-HkZ8Z8TE316eyVDs0E43t_tgMJEjurNJzFcnB-8Yv6aNLIRNvirN3XFyaGsOWL2tdAlKtQ4nrDxWs083TC1tfn7hs3PBd7KidwV7u5VnHeAOH2Klmlwf7rVcv6rkYG182wMAPmr5_-TgB82yaZkKBJz5H6jCFZA9S8_FYui3nX4MYO8ynJKXzgEpG1vtInDolsaBu_g14MgOillOd"", ""places/ChIJB_WNO5KJnjsRaSGrS6Sxd8w/photos/AaVGc3kNSoaXqdb_h4Frjhs5hEfwJnEBB9xWU4RYvneH_joLcaRD_dai-2NN934c1tuF37OozyUqBzLI-ErWaEKiBUuzPFwZo9EM34OwjeSXPcMl4bXLJgf_WQURFcgCckH_pB3IFGvHAGGinWVEOl1vEdz9z5si7NfhOQiQZG683f1MvV8avV1XKR-ZT1xzwdkc2PIeuiphkmcsr0nDNTit1qzjo0vARPPAxEUhNUEuQN_qfSjPc5QSRyVAJ3OhGB1Vj4TKuFsZWn1cEN17zNk7LZZeOOfrshtp5o_0GnEbh8VY1R8rA3pRp9XFAgLF_JUUSBgLQlelNEEwq9ic96fApDyBeNk-3jCTKrkewjuXRUFSlKl0S9zY7j4pehdDmTFceAdZhzNcNzAXrZD6yEDr_APTRdJgtxG5uXgBXvk5IhdHMRWE57ezQAv0jMkwjQ"", ""places/ChIJB_WNO5KJnjsRaSGrS6Sxd8w/photos/AaVGc3nLUdjCM9n7Y6fj3XlTW2XM_CPmkqBI8MYGevR_9KwPsncRFxn9US2SkoSITa62SCeL2-ahkGfP9Ehnq23iJ7-RjnSM030fA1I0jxWz8C4LPw43bWyq5FUqvlpWynMLo1vojvWZ3yycXf8pCBP0Q8yibCbliOpD4VYA5NniooAVd2-wVfQVhBO5HgkEWPf_-BLuFlt6knSCUCHUUz0MFY2znJxMI5GbYaIFmqOCfGIOJUMuOekfHl9uhDdANtFdXLZSllhUz_EUmJHTJmihIbIpII4-UXvxsxWRimDCD3toYslYah7FPWVEZhjkwsG4gHSdW5gJXMp0QczqjPUWZ7ivvxmWqm6F0zhfpIPtsX4Y5rxENZ_P-auvzpe688ug2mFkj0m0yQ3SS_h9EGSytcfSqdhnhI9UlK0M5yMTBySpROeK"", ""places/ChIJB_WNO5KJnjsRaSGrS6Sxd8w/photos/AaVGc3klywXPoVfYf0fnnC3pVrusNuJRn3F8YZPjjNp0ZKZLs2YbWbrqLvNZ7Jt5gzNHiPLo0jRqGf9WWpkNLbej5YwcMEDwTzunaLDrvq-4lg6fmv_e_Jri0wl1IyxewIUhpG3b5sGvLwtBnVH8yAmsb39wCU03-uhaKUEr5V8D2mekChYTwnwzOgEg6c8KwAzia2r6R4B0Cmj1RrdHN01MNg47B32j3GeqOeNathbT2C8N_B9Z7_7GVp8LvLGV76DCGe341FY2cOPKokCq5auhBK7NZ7kAK2celmoZxfgEH4ffwo1VoGpR-MeVWlDgdGOy6cjIDCCcdB9LeAz00plsqsDd1_wiSBC5NQSo4qSe88wCo9O25WKY7I2_sR9Tl-HAsvGEr2vlKzxcy5NryI7U7-zLqreQljISoiSz2UNKSVd0rw4F"", ""places/ChIJB_WNO5KJnjsRaSGrS6Sxd8w/photos/AaVGc3ksvFs6bU4xvt6GlWzhRG_cugatXnfqpRvH_n0L6uYy6HgZUXYyUXaBWpmy0dxvtAczHtJcJCCDsLM7y4U7162mn-_29LCqiw5A1TWWL98lWhJozkABwAvH3iZOPjKerCdlxSl7RE-UjR6q34LCUMbiyDUAjXCPLCQEJLz-6zMQrw-BdENeEW2-GEZ6nNAXjn4cMFncxSeqYirLZt4695zjxSz8oCTI6i8HDXQDvyVSqz3ABxjxmaIGPInfWJ4OLYOGg6YR8iWB7_HCuXHFFQkJu_BeRXAGpWU8OEmZsCEjlvKD_wNqhCuKN6g_qZnYAeNk3QJkUAHYQLFOpEqRIWVbfnDsh5P6Htu-gCN4uJ9VFlgncKja31t9QmLghTl3-QfREoL39RQ2XFev9AHkxFbUkPTt9Nc5maicbTr4cvZIcqsY""]",OPERATIONAL,Laksha'Dives Scuba Dive Resort,"friends, couples, family with kids, family without kids",4.908866092690969
return drive to delhi,,delhi street,Metro Manila,5.0,278.0,,"Comfort break en route, Safe return transfer",{},Return_drive_to_Delhi_delhi-ncr_2.webp,,,,,,,,"[""Monday: 9:00\u202fAM\u2009\u2013\u20096:00\u202fPM"", ""Tuesday: 9:00\u202fAM\u2009\u2013\u20096:00\u202fPM"", ""Wednesday: 9:00\u202fAM\u2009\u2013\u20096:00\u202fPM"", ""Thursday: 9:00\u202fAM\u2009\u2013\u20096:00\u202fPM"", ""Friday: 9:00\u202fAM\u2009\u2013\u20096:00\u202fPM"", ""Saturday: 9:00\u202fAM\u2009\u2013\u20096:00\u202fPM"", ""Sunday: Closed""]",http://sapphireforex.com/,011 4107 8530,"finance, service, point_of_interest",28.630608,77.227088,Sapphire Forex - Forex Money Exchange Services | Currency Exchange | Reload Travel/Forex Card in Delhi,5.0,278.0,Services,"Spc No. 22, Ground Floor, Babar Rd, Fire Brigade Lane, Barakhamba, New Delhi",,,https://maps.google.com/?cid=4205271378143181010&g_mp=CiVnb29nbGUubWFwcy5wbGFjZXMudjEuUGxhY2VzLkdldFBsYWNlEAIYBCAA,"[""places/ChIJn3jWnJ79DDkR0nhXtgkgXDo/photos/AWCwydgm9ZLd45FNZL0nMNcPrz4tc0sepBfP4-9wEzlgMNP4au4yYyBc35lgNiNe0-z3Tx8buPyVmG3dmEd6rYppaW3YUV27fMVUMHBbQmL2e521l3k0ghQUSrUOw02MdWoKV5OFgkRPE29s7StsqRXRf1vHQ_QH31BC8Iw1hcKw99iuDZ1HOglEPqTMiYWNfTA8a5EjPjpJLx2nGWB-lSGXG4uRxHqRJGGjAW03-zv776o9CZjr2IKzpvBV3d6nAeYS2e_MInefmGK6Gu1T7hFguOzKZ1fjgmC4GMDqOb7G8BFI1TpQvNM2qAHIbYwa_MbD_gsgyoywoRzfnxaydoGflJBIJxiSV-NTYU1mDoT5ebzq1ymSJmSQCdnT5EbsjThFmJF-hr3xcm9G7onrSgUw4RMihp6fe6OkQagQXgtPZaPWQEDHPicpU0H1yICvH3UR"", ""places/ChIJn3jWnJ79DDkR0nhXtgkgXDo/photos/AWCwydinkmf51zZGP-EY_TFFavaPa_-FDGeEYzaWAdCNq1eHGUO5vq7XQ1eaOYwEtgMsBJq9l2OMAd8PMd9ZhNRwaqe64Vci5z0UTLlwZO4PaCJjvtfDSOz6GbPJ9EyYV_S0q575miMjDu62CDNympwVBDhGc5WFGOBrhCodoP9faysecoDwZ7UodT29j-VOBX_4_6XVh_FDz4Ad44ag4z0LPaOmXagyJO907IUFnaSQOHjyJGW0fqC_PXQNZqu1nnppUtkLIGent-2Ybfkogqf23qnL90eXCKLG-u1i6WVvi_rVUgBG8uMP2P_4yN53ptTTWnuXXZ-mO7VFZrfMxadYm8vmcjYWrLcQhLO-8G3c8GK3oKhkY0fBIhhEAkC6xKwHu9FLFKokouj7Q0cKc3sOn9Ol3_aQ_aMQ3Y4OxLNpRqMBSKMfKdf2OexFlyOF7dd9"", ""places/ChIJn3jWnJ79DDkR0nhXtgkgXDo/photos/AWCwydjrnS-t3Kj1ATFvKX-E70BQsn_yz0QAHAvWiipTQ3zkXbvFf92uLAljt3ZKLKNjtaGaE7w92tR-h272AMaQJkdijW41ARf-HPOEQD-azXGLtMPkZFZBGJzns-2MnNaDMbgaeFe_jfDSY1XKbwVYqZAFp-cj_B5iWbpAI1ei-mpGIludzuCec3IgiMHmbWtB2siO4BFfAKBx9TyfLuro4h3O_YtyFsOEheH6BAluwgR_S5QV9YdoktB_Jiz6tQFsYiQzqeoUoCpIOm-yFQZtsXkEGkHT7LSrGt91m4W053CU0-pe8rukdjQiJR59q1Eh3q-VyyKq_wmsylwv3gVSHQtVqHDQy9zdfE9Hp68oNPno0_sixHkXLqnfCAoELhHRLLD5O6vrc9O7kFFUUQBnpzE12C0TpezHyf2s0W-rk_3qwswsp8byIe5bSOmQrN2N"", ""places/ChIJn3jWnJ79DDkR0nhXtgkgXDo/photos/AWCwydiDPZfQNrkBiXh-hyiCx1RDKXrBP-QZPFikNVVHgCpP-QiEmOL8CFXD0CQxowXjtsXwoaiqgwIGBsOMf9KYQ5MepbJa5kpqDolYL0y1knzXgFeK1jW5ek9N33uuvwAxL5HxTkSzTyWWSQgbrYBzd3dOkAO8zLEtpQxPQ7d_HDdBsp5AIZZsK3qugRI3Kfy6IQXdlcJ8lvQ40Fnzkaov86XxGCJIaDLiwQLI5EIhMox23-0xAqxLgkBe4284G9fPZ0-6RByMeyV9WX_yvWYCO5VNRg5_g9vkwBB1uGYcqrVeVADF8bR8Yj8qnfdDH2aFSIwuhxD7VnUjytAZiDWOvzYecG_6NLZyz9phdYBaLTcAdTK3p3f85f9blSI2JnuhJrw3V9RFaPPjYciZd-z1wd4MPIpUii1xn-QgURmFqtEhhQO7QRbTyaDydnFaMB5c"", ""places/ChIJn3jWnJ79DDkR0nhXtgkgXDo/photos/AWCwydiGzrhv3CAtWXQxAAifjDmQ97io3C0Lo6XSs4xhsVzHxIw3CgM36PAzlixDFafRtxOr-WNUPq1tTzaMeTQ4Z2gzkcQQkhmMggf1ATpKdK5yhq86xEiZ4aK3RNTOwNJ3ItKdRnv3qiLMgcNFHm653iPaq6-nZ_9XKICve7RQ8eu3JqsLsAqhW2ay3yOZYEv7vv1ywrSHv5-RB5TuhRI03QPeA3vYFxy-s2x31tnkR7ynmISFJdAnWnb1XHtdcH16acnAsyRtcJZ2ze9OosXTrUQ0wNnk1qhTRtMEBmLXWaYqkCyu7bt5ee5qtql7CFrLumvAQnpFd6KhpIAINjoAxRzJ3trqTwzZPI9ap8pvKMXmJANhL1dLoqrnRfMqAS3ElFV4FoS4wFFeuXkY594ViTf5SwmNw7HiMrHEAgWZLkhItw""]",OPERATIONAL,Sapphire Forex - Forex Money Exchange Services | Currency Exchange | Reload Travel/Forex Card in Delhi,,4.907199009020681
golden temple,Religious Site,amritsar,Punjab,4.9,205805.0,"October,November,February","Prayer,Meditation,Photography","{'Prayer': 4.9, 'Meditation': 4.7, 'Photography': 4.6}",Sri_Harmandir_Sahib_Amritsar_Punjab_0.webp,15.00,2.00,1.00,True,True,True,True,"[""Monday: Open 24 hours"", ""Tuesday: Open 24 hours"", ""Wednesday: Open 24 hours"", ""Thursday: Open 24 hours"", ""Friday: Open 24 hours"", ""Saturday: Open 24 hours"", ""Sunday: Open 24 hours""]",https://sgpc.net/sri-harmandir-sahib/,0183 255 3957,"historical_landmark, tourist_attraction, historical_place",31.619980,74.876485,Sri Harmandir Sahib,4.9,205805.0,Place of Worship,"Main Enterence Gate, Atta Mandi, Katra Ahluwalia, Amritsar, Amritsar Cantt.","Central worship place for Sikhs around the world, built from white marble overlaid with gold leaf.","Visitors say this place offers a deeply peaceful and spiritual atmosphere, with the golden shrine beautifully reflecting in the sacred Sarovar, especially at sunrise and night. They also highlight the Langar, a free community kitchen serving delicious meals to thousands daily, embodying equality and selfless service. Guests mention the entire complex is exceptionally clean, well-maintained, and managed by dedicated, humble volunteers.",https://maps.google.com/?cid=6936533577008293006&g_mp=CiVnb29nbGUubWFwcy5wbGFjZXMudjEuUGxhY2VzLkdldFBsYWNlEAIYBCAA,"[""places/ChIJl71n9qh8GTkRjiQmdomEQ2A/photos/AaVGc3l9gLdCNrFsA766Hc9OPG7LakLOpng00F5hj5Yvj4b-fPyG6ct8HyuUjqId4Zyy-j0npigQjnpFZz-e8bJS7aDAH7rP97j0veZd9lDMOeAc-X-2lyBOmUr_dQ24sXjYH5YwdHORHUfHPq5WhYUGrmHmMXP2CpzJDDS4kxi4rRIwX_CVUR6w4cIrXOUryUiinrG2ZSI2w-gTijMBbOL3_ykxLJJfQj7th8LSlwhR65BWk2uq-lHisL4ItyUpCYPtQq8aMsxD8v4_aI29m7YciYyKuLAFBrn2J9xzYlhH0MvOaJ-7U-v893pyRgxxkX0k33QcLBkyDCIs6szxmXiurNf4-OLQmJfdzl30p_lT-Goqws8A0o70HRRC7WxSySbfVAQQWcbKMmyE7Ai2WLdmfOtTr3HpBovrXhalh6MO-Zk"", ""places/ChIJl71n9qh8GTkRjiQmdomEQ2A/photos/AaVGc3l1mCIYUZh5Wgm1d2I-ABSt-0nvPB--VPk41uonTkj4jLbnO0YpCpcxRe-Zxq_a874oLq2lnUROK3ttOompcAutTHpQLsY_aZWOBpxLz5F_YzP3HpG4NYbRySbxzxYjVlP4kITt1F3-1I3Zh_ZrVYfyopWZIJ6kfltDlTbCgXf0o6p4iiMWoIky7BOL6WQBTVxgoLeMS0blv9_3eh0jMdN8gv1-p3P2ZPqbbn5SuGsz-ZNH8_h28tDTwNoajJC7PKDdSENGzkOBR2-U8qHLZOiuMBum6I6__80c4YZvnHk0K876_LEZz3UjJKkDlNgbKO0NxP6KtXFzj7YJ4nfuB8Ow3lY67N7m8ZUrJPxr5fhfoZa7wnhiij85AtyYZd3aSugeY65PVDb78BQYXpSWiGntggOfdHx5IA1urPCwMv5h8A"", ""places/ChIJl71n9qh8GTkRjiQmdomEQ2A/photos/AaVGc3kcqUSAIoX4PCSfxCcFbfoV7ihTREOytdEkQA9qz24XN0cDI2eVw1K0jCYyx0-QZNTcOokqi0k02WMa807aay9SVI_Fe4EVqGbKfMVSah3BZFo2P1cijuhTMz8RajAAiU_d68a3TFc_0uvejC7LNfxEGYcDR5df0aqeptXktnej_ycFB_Eb-8X-cLljKulhn8mdIqHHU1yICuEYSS3xFxMuNuRFsHEaCAX8Ew-1H4-V1ZglDqA5-h4VFMu5xn7UmxHgCVzJhAc7oq_iDpDWYdWfQFaSUyYHuXPMc6R3KDYx83x6ABPyq9p3h6Q_ZLFqGXz1aKBRnvTnHMnO17L8oC21RuM-FsPXaEXBnIZADEjmNyaJJeqIdIw5rXtZyYaWdQ8Yk48opm3_KtMUj9qi_B6mwj3fA0P9JQnJo-k1-8x5nfeb8MzVztQnk1QL8A"", ""places/ChIJl71n9qh8GTkRjiQmdomEQ2A/photos/AaVGc3lX1u_7LWM15zbh1mYO2qhrENHsoaL5WfKdlVz_pFbvgaaJLi-kJNZghXS7bQ3wuxKPtXuN-7ZW_m3ava02EfabtFHFlws8dsQ1TlzHbplBE7VH9lhlHsZoBoynuJZh9ue47Zbp9Sw_YHuQdU42VBg_aGTZRyL34yu_bSrVRai4P9dpmJWExSBJa_7h4YiOZEfytyfiS0Ozo-SYbksHxt15wjZIiXCZiASNGRcnw1ZUFeO4BCufabLFWepwoCcvtjlnx7oacLEee5Ium8pJvfQdZPTFffP0Fn2cHFX9LUqmPtppkEt1OI1xllEs0gmSQjon94Ap_p1WGDP6EdMXQrgVUzyJwxi7dKTJ_XjRx6KtOOsxC5Jw-i6Z686p0HEJJ5HKuayyQVa4geFTsDhyepKLprIbSGaO2DBqu_mNVMgvUA"", ""places/ChIJl71n9qh8GTkRjiQmdomEQ2A/photos/AaVGc3m4K9AEErjXYhEi26m1tP144FYXs4GbeDdZ77R_tCoYX0VSDmUGCYYZRxs-9t3-F6J1kwvC2IgL3O-wzs5aXG3g73H_UNCk54MHxvW473bzWUZovhDMU4wrO8PmeXcVLl9aZAHJhjsDtuPnImcw53cVE66wCqNPVDZ6AhpbSNZV9EMLAk-Au9WYbJuAvZJCcRGaz3mswgiHTEJYLGcPqUt0XVXvnX6vNDRFkuGAgevN_eh2b3HDOqBmS-l-ySkGQqCRK2wtWMQbeOjHd5XzpqOwCy26EQAdXkz1aRaJR5gzaU4siK7YX_xf06ndWsj71TXNqbq1e9Em2UI5iL1jJ4Q05E6ltDKBpCG1lRAQqAo4SZBSy_L8I0hZeDfAga8PVfAK8ylYwWyOkZVjPtVZEwQFwha_rfckRWdHSUqQ-gyiqQ""]",OPERATIONAL,Sri Harmandir Sahib,"friends, couples, family with kids, family without kids",4.899876424060425
gurudwara nada sahib,Gurudwara,chandigarh,Chandigarh,4.9,28661.0,"October,November,February","Religious,Spiritual,Community","{'Religious': 4.7, 'Spiritual': 4.5, 'Community': 4.4}",Gurudwara_Sri_Nada_Sahib_Panchkula_Punjab_0.webp,20.00,10.00,9.00,True,True,True,True,"[""Monday: Open 24 hours"", ""Tuesday: Open 24 hours"", ""Wednesday: Open 24 hours"", ""Thursday: Open 24 hours"", ""Friday: Open 24 hours"", ""Saturday: Open 24 hours"", ""Sunday: Open 24 hours""]",,,"tourist_attraction, place_of_worship, association_or_organization",30.694209,76.880948,Gurudwara Sri Nada Sahib,4.9,28661.0,Place of Worship,"Chaunki, Panchkula, Nada Sahib","Large, well-known Sikh temple featuring an ornate central hall capped with multiple white domes.","Visitors say this gurudwara offers a deeply peaceful and spiritual atmosphere, with soothing kirtan and delicious langar (community meals) served 24/7. They also highlight the well-maintained and spotless premises, along with convenient amenities like ample parking and affordable accommodation options. Guests mention the welcoming staff and the overall sense of calm and positive energy.",https://maps.google.com/?cid=3407493905378499042&g_mp=CiVnb29nbGUubWFwcy5wbGFjZXMudjEuUGxhY2VzLkdldFBsYWNlEAIYBCAA,"[""places/ChIJmW9D_YSTDzkR4tlkPKfZSS8/photos/AaVGc3meUC7Fubv0lgyvSj67Xb07Ctmb1ua8v3nOxmWzSV9hESMdLefA9wyNn9koK-_wQ30RV2laEUTrJHqA2XrThWNL_Pt3DMj5nzrB9TCBdS2ExJSkDY59_r5alXGQOw8GudaQ7ty9fvQBdDyBkl7BE8p4B0FdQesDjE0cXJOSQJwLItbv5XGN3IvfNTz2HbdJf13ECf-Qqb-vC25QNlIJAeRM7cRI_E0FAzNJewmPqo_k4MTTUZq-bnJwnoIhgtdGYFVvM0pthLFER9u5QqbJR_dse-RN76eBNNB-TxA7u9GhAWHmpc0qBuX70Giz2dCrINBEhrffAXBO70SgfCAcAbFjtiojWRoWROj6LO53Q7lbxSHYcm-vc7CzBQKL7VVX4tgl6FkmL81dXeJaYl09JbFnxDwFCXuSTdZ8AstyQ1R2duNy"", ""places/ChIJmW9D_YSTDzkR4tlkPKfZSS8/photos/AaVGc3mOcY2oEoSIxmcFpvrX7iFno32hwjHyxSXLmDZ8QlI0UMz3H516GjqO3W9SK7x_-l4kwFB-t8o5uTVBjB7w-ZdCpPHh6-maowI4T1BhW4P-KcEOISSVS05HUBKpdP2YtYatM_FC9bTxxFeq2sljpwylSOyBqzQ6L4kpoozXtNir8xQkUSrKahW4wauPb4Nw7d0vE4L1IcGA_v0oGasMcbfXMksTSHFf7PDnQ57wFz6PKRiHVlYXmlCgLQiilWwfiRpb23FElGwvYKHxIcTfRXguE46WWqeLFu4OPsWce-IbZCVp1ILfxEuoRDtmQ-OBIjCQ1zlQHS0U9EmmMVdUp3i1Rq9Xyy-5aHv1Iunb-s5Q6jpNmQccpW6kRRzzqcjjdIrOTjP90NeW0CToS3O_M8MLWenBagydtf75CJxuIwRABUO2"", ""places/ChIJmW9D_YSTDzkR4tlkPKfZSS8/photos/AaVGc3mVhuR5VM2mtoK2OLz4RN0nS5GdE0NqvwPNvDYLFB9UuQ_PM6eydA1WFo2U7iZz8aCOHwkFPMe8E0EyX_t_jcxKRO3uIZ4eyOTmXMj4VAgmbazjwN8Y3aiowNVeb2djW-sXNZtL1YOvCeH5hVbyG-XPJq89HrahZ6sRL53BGzqsaCBzHys_clBsGFwDZPIGFCc9gFoKcptTnGdv9emHcIHuUaPgfdAAsIdklkv77obR5CFK8MQuss2LMPt27sULpJbQ4dxqTp5B0P2XMm6bujN_SMHILYAtKufu2o0oTzRbLHyjFerS7G3iRQhHwnXIYUeFrVVatjfaoh81xzGEuhcmZiqJ5rQtlCs6mn4RlxioOvbuRXle-MU17YOH_bEnXM_sUlBFBiHzZwTcqkxjGD9bWLDMhlzUgprxqWjCPsYYllAC"", ""places/ChIJmW9D_YSTDzkR4tlkPKfZSS8/photos/AaVGc3lJOTrbt2lZ56OOdGIAaTQ1rRoA0C0q9tXaV5RAcm0N8y7OVivQNktBSA-hM608F2sWaZcjdF8bPeHOX0xxqAkk_-Gt1WiH5VTvPdN3-r_2VODgLq7Kbjr7sJq7mj_CiNf7Vetyz1YCEm--wj-Ou0rs2Be3qajvq1DcjZ0EpRCWON8wwwvlW0zwjLNztMwMBTZubFSmhx1knLVhHaKQY5zdbs44_GeOmIN04-oI-NyhSy_khhDqWMGmg26HoWfz3JcnYbarxQdL76rSI4sdxPi0lyhvvwFFLaQ_T9yTbYFRDs3dpaT4UOYWdAVuuC4M0YEe3BImQsyvlQT4psNM4_qxpK6iBuEmDpym1hwh-ESzZrUgg2f6zEPYqRxuJAIK8rlInwKswqPXsDAM3SKASjqg2ygSRFlvAwqcGnrPpz2gAA6A"", ""places/ChIJmW9D_YSTDzkR4tlkPKfZSS8/photos/AaVGc3lXkC2mn2GdYO7qfzdS75yw8YK1Hlaxta1ZyEtLD3yEil71uQDTkN3-wShbIFdi7MSj6ZtVX3eLFB2Vg2e1lGHR8LM5VJ1Nvuoigg427CaVve7L41iwhITyx0ouTjssrqbb6XJtEW-5_KSpt6pxM7_s1scUjuIWKUMmz66-qOq9087NJdcVcAQyJvQQTM-0pH2-XePVZFeK1M-8HF9F7FdNANvka0uQj8a8osh6cb0pZk5_pZNTf_VTZUIjejOPbmaFOd2L7fVS888yRreF7iMEb8UhfuXB16nIEqc3xmxqrzg0YDI2QB3AqOC-RKyS5VyRjavfkgoelPgHPNjIwhojiD3YaJtrcLqY90O92YUDNIXG-ZraG9extAnB685kmbbrqz65lPUWFKg3qo4BeWv4g_o0519u9oqgqd34JZ0SWN1K""]",OPERATIONAL,Gurudwara Sri Nada Sahib,"friends, couples, family with kids, family without kids",4.899113972866107
gurdwara dukh niwaran sahib,Religious Site,patiala,Punjab,4.9,16894.0,"October,November,February","Prayer,Meditation,Spirituality","{'Prayer': 4.8, 'Meditation': 4.6, 'Spirituality': 4.5}",Gurudwara_Shri_Dukhniwaran_Sahib__Patiala_Patiala_Punjab_0.webp,80.00,5.00,3.00,True,True,True,True,"[""Monday: Open 24 hours"", ""Tuesday: Open 24 hours"", ""Wednesday: Open 24 hours"", ""Thursday: Open 24 hours"", ""Friday: Open 24 hours"", ""Saturday: Open 24 hours"", ""Sunday: Open 24 hours""]",https://www.dukhniwaransahib.com/,084370 08007,"place_of_worship, association_or_organization, point_of_interest",30.346952,76.396075,"Gurudwara Shri Dukhniwaran Sahib, Patiala",4.9,16894.0,Place of Worship,"Shop1, Sirhind - Patiala Rd, Factory Area, Upkar Nagar, Patiala","This grand, historic religious complex for Sikh worshippers features a pool of holy water.","Visitors say this Gurudwara is a peaceful and spiritual sanctuary, featuring a sacred sarovar believed to have healing properties, and the soothing sound of Gurbani. They also highlight the delicious and humbling langar, which promotes equality and service, and the well-maintained, clean premises. Guests mention the convenient parking and free accommodation facilities.",https://maps.google.com/?cid=15476106296679858782&g_mp=CiVnb29nbGUubWFwcy5wbGFjZXMudjEuUGxhY2VzLkdldFBsYWNlEAIYBCAA,"[""places/ChIJRT75hJEoEDkRXgLKT64sxtY/photos/AaVGc3l5pc8O6udFah7aWtM9m97ZaH5aPWR94SKIiLl4oAioyb-WF6eMNbx37hznv7RZ73S2j08oYpZJRGU7yOeQtt8ls9TP9UECpKUPNDSLgqIpb7-t9aE3tEu81z3YAzfQ8yYF4RgpKS5HA84WXfi7ECzTw7hIA8XV9ynCl4QDxjqmCPtcuCHF75rWwQ_-WCRPjm9gkj6bM1WDyVf4zIhU3coSBIcQw7baMoDF9b601MJOVJDV4XTXe2KwquXu6DdNxi7SXY6qEgi6qHIwug5VaGO8Ke8dBraEdOQL6cRxPWvtdxj89Gj9wWujUrXs2-EqDN-y0WWnPut6nytTMW4vkrxlDi0uLIDQ19tllpR4F27hPmB4YbqYnxElwNuqj6sJAbq5yJbDO8nsckDWUqU6mxZoG3cakhOzKNTzjFw8nXIWInTx"", ""places/ChIJRT75hJEoEDkRXgLKT64sxtY/photos/AaVGc3nE4eICFhI0D7CZqghEyTKezWCyOXreUn9s24g88LSg7thHrKSzVqmazo3fsX6G6Eo8MEx403U_HS-Znl7HRl2hv8c5v5K6rI4MtxhiQI_J1zZuXGrJTBPXiapVJqC4rN9GsJWG1MV9SNA-Uae7wjwnlZFa7-YSh045h7HxYB8wO0fCefZGWCBsl9HNSvqcHDoaOZhvLuuXMSt2fr6z-jh63z4XbCCTbxW569Eyd407x_Cu0tchtzvv5hPi4duyeTa2UosjDqfiuGcXpQq2GZ6O-k5G40Ovq0YASWiEJxrGFwjU_aHHU0avwJKYnSpXDtxom5C2-kdnLVJK93liXv0lIFYewVxPmAXcZUcBEpBezOmuBfjfBzaMugUZUR1StH9c-Y4lsHQ9nhg095EPTuIywhj1hO0yJk_SA1prftUkpkU"", ""places/ChIJRT75hJEoEDkRXgLKT64sxtY/photos/AaVGc3ld3LEvWe8NIr945f4GXLUkQtNS94sbAjOmt97wDXVUOkLtWsyVhQ8_RjWzLlnt-dMIjk6m56HVccjhsgHv9I8f2KDhLy4ZlhLh3glU6KdWyhqIUuTgIUT9HEVlQmdoTzogZhPQlaTutEh2eS3cLoLyjbkl_RifUmUQzTdTnDfQBhrelLBD-4TbuYGjafOQT_nUee_tdebVn29jEJX5PWIPK8mW68ugK1Qo8JnYb_Z5PYZYvL8XYcGDheA1AGICNKKEBUnbRp4_x_Cpg9cKC6MNxyFm4tAh2oMSIeA-jGMKQ0XUte0teV7oYWNaOXnRctullZQuc--ClNvc0Piw-iwC1TtdquOamcfEs4ZlyVxCWtsQIZfnqz_RRf1AFfTSmKZoyW6RJzzanza5NOepJPzSxFrZm-3nPZ1xYLzxc6KiX7rt"", ""places/ChIJRT75hJEoEDkRXgLKT64sxtY/photos/AaVGc3n8hfgGLqlzuCf2v8db7-4fH2bitfSkrqhRlRi7BDe4yKnw5V3NLKD2ogQvuFGobSuR_fBiax1PvrKMIB9XdZygzWHg3hemGeA6XwRqR3sKsAWwAFMxwphkcyDY40VVriQvnbOvBqfHjWq-VrB-DDfv-eRMpLnBQeW82hF_k_D3oBjzzJ-Zknm4B_R55zZzwf3x2lmiqTmYsu4BQeISVZh_xDLDHnS_c6ysOZHHcIL9lhUii9E2UhVHZRkKLlmHo4W_FQfoa0Ngu9Hp89TmajdS7nkQNvwkx929Al3xZb4aiDr1Qhr_UFDSjG677JYTwO51QJ79UEwiNZYQRIKKtofxY2zOYUcSmJRD3KQlOBtA0pYfDF7APKapRG4RCTIVtYLGsZlIZYdtx7OW7evRsatKtCdyJmnYr1JwvN6C0P37vBH8"", ""places/ChIJRT75hJEoEDkRXgLKT64sxtY/photos/AaVGc3mPFAeniiukx9w_ic9Z8EYEStK25iNTgw5AnkqVC8fW5TkezZWIuiJVgIwCmMHo_yUhK3OvQ8ZVgUotYhbvCWLjfMgX_23Ec4fy2YBfG97NgwLCbmAwF3ZqEcrqAdMF65bvzNzL9wS5im_t2pSG8z_3w3B2jWa08a6MVoAqkTDlwpRIkecMdpASZCFIPwetGhEZk1nvGw58BWFnnBcjjXtVvM8QFRi0PR4KKmdOyOpH17cvSGqmFBlQ47nYatSTBQ2UpR_u4GyY2FCBtdv1nBshvBgf_kVAe94odaXOjdFVqe2bEv-NJv-IPULNNXqugBnQj35CK-gfQLzeNcdVQM4lfy3tJ7uSHTLmtGaZFxsu0S6xFJeZJHqVjFfwDHDhWx0UN_9Jq7cdpvFkyueyLDxe-CPrdOGHi6TRscA_K8SyYw""]",OPERATIONAL,"Gurudwara Shri Dukhniwaran Sahib, Patiala","friends, couples, family with kids, family without kids",4.898498658814848
gurudongmar lake,Lake,lachen,Sikkim,4.9,4926.0,"October,November,December","Photography,Scenic Views,Religious Significance","{'Photography': 5, 'Scenic Views': 5, 'Religious Significance': 4.5}",Gurudongmar_Lake_North_Sikkim_Sikkim_0.webp,220.00,10.00,221.00,True,True,True,True,,,,"lake, natural_feature, establishment",28.025755,88.709693,Gurudongmar Lake,4.9,4926.0,Lake,Gurudongmar Lake,"Buddhists, Sikhs & Hindus consider this high-altitude, glacier-fed lake to be sacred.","Visitors say this high-altitude lake offers breathtaking scenic beauty, with crystal-clear waters surrounded by snow-capped mountains, and a serene, otherworldly atmosphere. They also highlight the lake's spiritual significance and the enchanting journey to reach it, through winding roads and stunning Himalayan views.",https://maps.google.com/?cid=15801935191666229553&g_mp=CiVnb29nbGUubWFwcy5wbGFjZXMudjEuUGxhY2VzLkdldFBsYWNlEAIYBCAA,"[""places/ChIJVYLGnacu5zkRMYECp1XAS9s/photos/AaVGc3nmpyb6V6vjXChnON_pGbcLz0bPkzEj9ZbijBpkfwN540LSMMBgjd68Gd6b7MAgMD8kHgASfVmdHYR-DkKI8dZHz1Ru5Dp7Qm6Dv8R87LcNEpej_4m_o3c--q5xuUckzvUky37glz0quzeG_uj3RNdgEw9ekv99ghM9yg9HoycLpbruqDH9q_0hp9NjY9Ma80dTscWs3QktZnjX4Jt5ADbtpYFqd4hXDUncH2Licb3stxBZLP2ti3gib4mmp2nSFpGCoKEW09diCzaoOyZlkmOAfeWkB0rP9n0F03cnU7oea7pf7cYgvYOz8tWY86iWskknIvW7isNkWnnUPu-vAgUyxBtFgkHsXw5fx36dRRiJIPw2ud1x6ofWlgpcG2gLAnfTCv6sppouuk7dadRiHPfngkonczVAF4xhKBJCy9i_FQU"", ""places/ChIJVYLGnacu5zkRMYECp1XAS9s/photos/AaVGc3k7U4NAfh6GR1iyBb1ULR6doDSSoHHabvNRUB0LY6r5JlfTsu7Z8mkT9_GdTbDV2ajZ-aEihE9WkSY1_DWwwz5v_7q7s9s35LCVGW7J9CYFPkMMlRFtcfxLqMhHXKonHVCbRENEF_7SisRD01tQkFKlTT-FY6wfy_jQ1Q8Sbu2OfdyBGuSTE4oyVEj3L5HXhbAZBb_WNn5nuLApzATqptWxoG2ob8MAO1Mdv4XcPWBe5KFOg5LvIilcVZ7P5nU40ecUJq9kOq8lxRjSrjHLe7d0yAiNOZIS7C13q_DEvqTXLBZCArFvqceiqXU38BRnvMv_dJ1tseNLFLBSRFUNcpJLVQ7kAsLq61NvSK75w0RionGl45mf4nVGGBEfQ-ztlQjqs0RSDmuKOoGaB3QNF1y8i22eAHbE85OACIIU6LZ2eA"", ""places/ChIJVYLGnacu5zkRMYECp1XAS9s/photos/AaVGc3m3dTVf9ZvuKhSughXXsv0bwKSOn17BtVhTAEO6VZwZ12bxsEk6nGiv19VgXa-ai6EJwTETd-7irXaeothT31Bc5824RTdM426CKAbnDCqdn43iM_0AsA7xKaID1OzWz9VYd4B8JsSIBhl6vZYDrBfM5fcKDB9XeX8BAnnDffazyP-jwlQsy4l0r-CmKs_6BCrIZaw2-iXhi6V13WrDVvM-frpNsyLbrZeYmrczML9V7QRGoF-oJftt03-wHnmU_kMccQr1Ucrx4LGEqTKij9AjSWFQEwEo7QJVQM03cm8Su0cnrF4cOUJ6DudO9CeXv9r5rmAA3w6iW9mlOePKuqpCDH_1uuR-TXLIQLlCjrCIdJi3hHU6GDuxzICiWsxyGhdXjdc_jXN_N96C0VYXR0Xl986fJxC8eYHd0SyLDv6EiptF"", ""places/ChIJVYLGnacu5zkRMYECp1XAS9s/photos/AaVGc3mT4yt9vX1Fwyl9w-Kynb3cxsTuYDtw1yAGqtJa8-IQ09RjL7Ob9PGnAVMOSJ2FwwXurb-SipzXxfarJBmR5WPLkOCV-Vknto9b09YbbcwnaTsHUnFxHg2Ez3sVNyJCQp4HiXYgE4L9WU8meaZ1-OtsXVXP2P4TLGmsCcBP5q_m-f5Fmvm_5Cw9cMBXRFL4bYZbUi2Lo-U_PXFL8Rxwak4VMT1crkqYLpNa0htrdM93ODGyGV22r2jBmJmtxnrnK0NeipOclVsrKklnilUwGNRoT5Dr4CaC4Zub4KroQgOry7767nVCM6OenwuOnxLRXIlzMklq2LMK5OXHYtX0CqCaXIhoj03DXq44RfeHrAYWQu_HTDmRcHoWW0ZBZhOon6kqHDW9Y-pEooKmWjoNimvmAxm3ZduzNSnwCCq50XoEKFu4"", ""places/ChIJVYLGnacu5zkRMYECp1XAS9s/photos/AaVGc3lf3CMxzw-8g70T7DvBybuJlmZ_FHQXvpml7JYGAcTJhl4XTAtuHUfpHyIaaPZzkQoQG-ixmCRt44hv6HhOtENoaVuNIP2d_nDyWhjidDr2IWsMwOmEKnmSv_LNY55Rn6ElUKyKTEWUJB5zcTw_knUP_uiKp0oue66La80J3PuaqdMPSqlc8-i8-77jufW5_p-_x7HLqQZnXaHjaQlwyWlva263BFtxoiDaF3asJFIfxn3V3QVzctpAMp3RZM0AocP5lIWdDAg26Vpm3tAloJlbJbgvzI7oO4BoO7lP2vYXXxmcKbytItWWR2PsMT7BWJR8lsHsjRiS0Ansedc-AluGS4kdYDM9Xj4b-fooZdEPSU35JtTGmgKhryZr-l3A8Aq2rEJAvFq1O73AmP2HZS775xL51RaDfcvn80KiOBirFJE""]",,Gurudongmar Lake,"friends, couples, family with kids, family without kids",4.894887716028695
pattachitra craft shop,,hampi,Karnataka,5.0,230.0,,"Shopping, Photography",{},Pattachitra_Craft_Shop_hampi_Karnataka_2.webp,,,,,,,,"[""Monday: 8:30\u202fAM\u2009\u2013\u20099:00\u202fPM"", ""Tuesday: 8:30\u202fAM\u2009\u2013\u20099:00\u202fPM"", ""Wednesday: 8:30\u202fAM\u2009\u2013\u20099:00\u202fPM"", ""Thursday: 8:30\u202fAM\u2009\u2013\u20099:00\u202fPM"", ""Friday: 8:30\u202fAM\u2009\u2013\u20099:00\u202fPM"", ""Saturday: 8:30\u202fAM\u2009\u2013\u20099:00\u202fPM"", ""Sunday: 8:30\u202fAM\u2009\u2013\u20099:00\u202fPM""]",,079787 85156,"womens_clothing_store, clothing_store, wholesaler",20.242420,85.839782,Nataraj Art & Craft Pattachitra Shop,5.0,230.0,Store,"3195, Kedar Gouri Ln, Kedar Gouri Vihar, Old Town, Bhubaneswar",,"People say this art shop offers a wide variety of authentic, hand-painted artwork, including traditional Pattachitra paintings, stone sculptures, and crafts on unique mediums like palm leaves, shells, and sarees. Visitors also highlight the reasonable prices and the staff's warm hospitality. They also mention the staff's passion for art and their willingness to explain the crafting process.",https://maps.google.com/?cid=9145346101522225090&g_mp=CiVnb29nbGUubWFwcy5wbGFjZXMudjEuUGxhY2VzLkdldFBsYWNlEAIYBCAA,"[""places/ChIJ9WKlVdynGToRwlc8QdPL6n4/photos/AWCwydjNM1Qj8YIOXyBLn6HFkx_asNqL-fy0mV77ILqUIlmTJbL6b9zP2n9l6KYd32heM8nBTSiGBDIlY36UrmwvSJqxkqyuYVlMVuGASTZVdc3oT7Hx3iXfSiPUDw-s0IHuiECBKF_SGxIElcHpBrILuRTPKcsqJX21wxG9MULws3l2UGFYdhWfG9aNlyJBfVwepC-3_Iid34dVqYy7pXlBjFVFyXcdshRvH66uHvH4yx3gV8JwilE738QzIcSp95ZALrxCbJO-pLcfa2XxwFwPIV5MvMvQ8FWR5yAAww0GhGFqM-mh6csylLPuPc7jz7fQzhFSfdNGArUEDTqDbrNt2JrrIlMKi1nIGQ41VUuzpARvrX5Ai9teHA2dFHOBpWk6Y0M0teay3yTTc_Ho48LitSke5p4MUa_7iyMjkY09Pl11inrZ"", ""places/ChIJ9WKlVdynGToRwlc8QdPL6n4/photos/AWCwydhQP0jYmSYg8u6IzMoOu9XPvbALUbvwKHmYp_SiJYSbkoCE1oGWjLyvc-0KBgNP9sz6_j79iTgT9OGnSnyhnaMw51xP9vM8LGp0wz0sbEsWBf4c_xCmQ5WDQjubLbpq7IVSLpFt-CdCTxs1bvghK8JOm78fK0vE1tZYC13FTQr8Cj_mNbgPU54o09CbrwRzGKg6Q1K4-hlXk31b31TOiTeo_dt-ErZb5MySPuCJ0SZugC8zkJxYhucSDOCQ0iApH1hBLnf0YfhV9RnEJ-zV6hA06Z4npCeqjOLm_N_kKUAQNYZ8-gfxYsUz_Q_t1FsvStZ-bQD2d8M0os6vWjCc2os3qG5PCXyeLjS82y32zc3tZOW_OCIhJLfkNq0Gzxl7DR0SDh80jwR_Nn1AaxEUNHGrs4JW8hr31zD_di9cVunh6Q"", ""places/ChIJ9WKlVdynGToRwlc8QdPL6n4/photos/AWCwydhWB6Dkkmn2efgufr2OVWHRQcLX_Gq2oB1zgbB4neYpafRjOq5qgVMrPxj-5tM0Kp_kwTlQQn3VSjHaAzhCT2JJiTEYt5qBg0tM0jBs1PSyDTsHZoMogTQKmGItEDcyZpbhaHHVMce2Uygyabhee5Wf2gsOE47purftm0KEo6VUP9MnZEhRk1GTdTCxgmkpJpzKNNv_kyshSgIyWohey4vr5RiouWJF9vQpVNp-020oeUKtjJZojBkhUT54PLzKYkD-jkgLWUpxYk2LNx8mA_eZz9vumPuM6cr1PkNpv6ph_5rESwVyWhxWNS-zZm0-fmgnI8zkS7T4TQvVq9EPbbRLZMsLtV8rpYa3L9RQfqwVMnTp4zDnqCob7THRb9a4avRYyt2tq1RRqhc0tX1nVznyohHbvANYkoFI08DWtKE3boe0EtG523JstLCNJaWd"", ""places/ChIJ9WKlVdynGToRwlc8QdPL6n4/photos/AWCwydhsxfY-omSH6bJiI_3WICfSW-D7V2c7k2oT-p-tOIbjJVc7NuE5_rbvvjllXI0LtFNvMprCH54ACmS8AIK6Xx832I1djwAt3IzVz6nhnM8XpI41vHMJ7pwwgfmySpj688scfISlG4ucf7PnDhRw5wiirQ_VMdaDBXYgEFRk6fQGzAavUxWctQG4KO9aUoBBybcMjs42w14xAwCm_S45MARXB4ZbFGXMD9GUHpvuEh3A1NZGJKpX4R4eZlI9_-ovcmpPXqPjdbe8RQo69NYLoFcilyjcgoVfPAQKVUwUYuZ2fMsrihVcSFlMantN9z1tcGwyjmhF6H0jlmg_JUFKK5BwCK3H-rHtQSo4OhADguo3OmqcYv1nm2MOqlBpGy0vT2gaTKpoDcZpoUDAV-XXvx-wEFkqSwrCGB__BJUILroUluuepqstPocO5nvofw"", ""places/ChIJ9WKlVdynGToRwlc8QdPL6n4/photos/AWCwydjLzl9uvrCG59PbPfJcKpUEXjiblqX8MKqGDYhU0lIFqU4eIxflZSJw5UcPEkH6UlarWoD83YkPktjwnUEA0DQ6W649KcctzXRg0NjZQ7PC2mg_xVci8niZkJJomte0xJJM8fUZ2N0sfDU76W15na7m4KTu4hl9ulDV628g8XMR4vUkYPfZ0dhkWswnRRialr-EA1a6ExjLkzyCbNChlbNGxxwnG3gpJkJcnfFLqZSVHbmCZGuFA5vuiEXDjAaa_3oM2PmWW5035kG6moWX-9K14vodEQSqIinCDnReuObRgmO01WflCc7EiNiN0V0mM6qIg0ijNUPb9HS9zXwxUxGDGzQpp2ElTBPR90nsvPsTh5wNqJPoJCToHjIvIQDYyLpxHP9HLucDbVI6fnci3fGI9j3JSUiQ1NfzsqG0tkfCeQ""]",OPERATIONAL,Nataraj Art & Craft Pattachitra Shop,,4.891290267709941
blue corals dive centre,Activity,havelock island (swaraj dweep),Andaman and Nicobar Islands,4.9,2322.0,"October,November,December","Scuba Diving,Training,Certification","{'Scuba Diving': 4.8, 'Training': 4.5, 'Certification': 4.7}",Blue_Corals_Dive___Scuba_diving_in_Havelock___Scuba_diving_in_Andaman_Havelock_Andaman_and_Nicobar_Islands_0.webp,55.00,57.00,,True,True,True,True,"[""Monday: 5:00\u202fAM\u2009\u2013\u200911:30\u202fPM"", ""Tuesday: 5:00\u202fAM\u2009\u2013\u200911:30\u202fPM"", ""Wednesday: 5:00\u202fAM\u2009\u2013\u200911:30\u202fPM"", ""Thursday: 5:00\u202fAM\u2009\u2013\u200911:30\u202fPM"", ""Friday: 5:00\u202fAM\u2009\u2013\u200911:30\u202fPM"", ""Saturday: 5:00\u202fAM\u2009\u2013\u200911:30\u202fPM"", ""Sunday: 5:00\u202fAM\u2009\u2013\u200911:30\u202fPM""]",https://bluecoralsdive.in/,095318 35704,"sporting_goods_store, store, point_of_interest",12.030371,92.997786,Blue Corals Dive | Scuba diving in Havelock | Scuba diving in Andaman,4.9,2322.0,Sporting Goods Store,"No.3, Beach, Govind Nagar, Havelock",,"People say this scuba diving center offers breathtaking underwater views with vibrant corals and diverse marine life, especially at the Juvis and Tribe Gate dive sites. They also highlight the professional, patient, and friendly staff who provide clear instructions and ensure safety, making it ideal for beginners and non-swimmers. Guests mention the well-maintained equipment, convenient pickup and drop-off services, and reasonable pricing.",https://maps.google.com/?cid=6566593806304533563&g_mp=CiVnb29nbGUubWFwcy5wbGFjZXMudjEuUGxhY2VzLkdldFBsYWNlEAIYBCAA,"[""places/ChIJtU_m1mrTiDARO9wPiUY6IVs/photos/AaVGc3kxXhbkfGBP8w3_dc54c49UqY-oOmTBCF88o6I-R_K5DEBvK12uyLDlBJtDWTjH3WjLLc4hXUJ0JuhqwrppbIbdRKsZy2rNuPkIZu0wMiwbmvoY49bFWHA36UWT70PTkWe7V3homh5c9ITEHfJqoGzF6CQsoiltJcxL_aoE52Zw7XEKvyENVRs2aDsU741bI1Sw1_b05fkBHPN6mCiFWp1zK24aBHNzlL8uCj4sR8M3HO62LK90kmynHw45CPSZyl4OP4683W0B4B5rN9edHi13gGW1CtRkbJzveQLAr9UbYUwMTmNgt7s2mgpgGWBDqTFeUKHwuV9igy2KPVNGESAxlt2KkfzZTQJLoCvq1wCAHg20-xLwV-D2Vl4G3dJO8HWnSZWK5H9xmtd1hIYOYlvpm7GptB04l7UiubXqksjGjTVVnzMRZMI3h_15Uw"", ""places/ChIJtU_m1mrTiDARO9wPiUY6IVs/photos/AaVGc3mXCUnY55uvw5VqMdA9zl7D385-ZMvizZyR-DVblU0kvJ33RuYQCyUHQvK9hzrzwRzj6O_w8BC0-nnl-RGkxrSxyoaA0jJL50zJ5L1cO8637fC7EFgT64PdkKJUnb6xafx4x_SsZRxBAgYpg4TZVJve2EzFLRXnPZss4ce1U6cVwO8UmdWjWQ31h2iCPgZSwNU_OCn0yl_B3IF7iPsRI8iz2ll2f4eoXLHVig_n2LJl9Qf2A6dGDbnAcOFpCMx392GAX89QV2tS33WKgoFb_bd-Gy4lpdHT_6dxhLrSnnKNPijU0OFBWbJxFksz7a3BG1YN5ZleARCfAv56iqc1D5W4SEG8IXZ4Bq_0TxnySiYh6Ew9QtnmIrE5x5HFkfPlKq7WZtBkK6j0mrDB5FzFeX4hNjgZoraIQfzWQ9t3l8l_iw"", ""places/ChIJtU_m1mrTiDARO9wPiUY6IVs/photos/AaVGc3l5LIUpgJ-utRry6UJas_nsDR0eV15aIvWLdnHNaNTJXoNykLZ65N0E4Q5MGaVlf1VyrQMYiCHCI06ypEWf8-_x-nZ21gtWIsd8l1pLnuIIh97PlJTNupw-74datmVLe4s6tO8k-qNuUAfB4LSpfYuKqZEyBzF2nCVijEOh6mJqEdblYELcQSq2DWDIhREe_Fh3cAO6_1Uko-v5XdvegEiiXL8lnO3kUZ4_2g_QDNH5WndUNH_J3Mu3H3LVbrqula5iH1bK4opiop7f-p8Ep7WndfHieEtjCQ93QWWCeYXKJ8mkjNGQMGwuzyzaEoaaYxpB9o6WMNqvFT1UZOgg97iGk6hzAObLaJd2kaeoD6yJzDK6coqWxeiucJggz12OGUHNpr44QPxnz11eoN883LGZF0ThSvbdPt7R_o0EZ91SuoQ"", ""places/ChIJtU_m1mrTiDARO9wPiUY6IVs/photos/AaVGc3nUIfOyM0Mx3bf4aVoU4z6oMLu5oUZv8x6ifYwGNXgt0-nh4iqglBVvrzqTSH1TlZvcsQgV_Api-DT-2FnwPA37VpvYI_Km-W3075zjIbfOsqYQS8AVprl2S9S460JrnyqNwZOEjdtegwruICcN96FLwJkoUL6KRIo0HYxcJ7VoShWNLTQCseDRxFOG1RZKEKP_SgDxZDg4zGKeDmRxXqfuxVWXiqx1f_sqipLyvF3GjWYDPax1FT5b1jy-_YTW41Hz8JO9ABwEiuvr6ul4sIHvAWGWux0eN_qyd53EemDuthjYET47dqv4OBKw98Xz-qw6UJM_D3baS90LChYC7s-i5Y8D8aSJetdpFzExez0PRAfruF0AsT0On2Qt_ps77PngqGL6tNVgMjU_h4YVM3vcdNPPIgqNr291kPlpoO1ZaA"", ""places/ChIJtU_m1mrTiDARO9wPiUY6IVs/photos/AaVGc3nMzySnuSknBTRiFPPtjeIChW1lP_CUHcvUZuQ8l9pASeEMrvmwTGuVh_uQQsyyB5hM8uZRUtGZt295v3jF1AlDhwBfNeen7CRULZOlyYgfmVk2OOJAK8zjCp3HRydW5340eMlt2e_qt4LpAoIlLzwI4rUJH2_1AX4Hcgs7dQMaHWI5QEHlyRcCtGF7ZZl4bX6im4v4D-mOo9hczNjDliQIYjNcylzc63UiwFS8TYZjR9CjaOWCVbVhFEntgqhMCCAVXcXjU8flT2md5L0t1klrzKk_jfcS1rErfAvrnfibYBdpKVo0q1QW6xij0-AC6tpDwuMeFxygRL81PT9cjt83k1FcZ4cgPnYlFus7M3qSI5akC0UzTGbo6TcRKTUyQ64j6P6oUBwDOw7-G2MVID1FJtCB915HHAyJYVSwNoBB5g""]",OPERATIONAL,Blue Corals Dive | Scuba diving in Havelock | Scuba diving in Andaman,"friends, couples, family with kids, family without kids",4.889275411028156
gurudwara charan kanwal sahib,Religious Site,hoshiarpur,Punjab,4.9,1893.0,"October,November,February","Prayer,Meditation,Spirituality","{'Prayer': 4.7, 'Meditation': 4.5, 'Spirituality': 4.4}",Gurudwara_Charan_Kanwal_Sahib_Machhiwara_Machhiwara_Sahib_Punjab_0.webp,136.00,11.00,9.00,True,True,True,True,"[""Monday: Open 24 hours"", ""Tuesday: Open 24 hours"", ""Wednesday: Open 24 hours"", ""Thursday: Open 24 hours"", ""Friday: Open 24 hours"", ""Saturday: Open 24 hours"", ""Sunday: Open 24 hours""]",,,"place_of_worship, association_or_organization, point_of_interest",30.915645,76.210558,Gurudwara Charan Kanwal Sahib Machhiwara,4.9,1893.0,Place of Worship,"W686+763, Machhiwara Sahib",,"Visitors say this Gurudwara is a beautiful and historical place with stunning architecture and serene surroundings. They also highlight the delicious langar (community meal) and the warm, welcoming service from the sevadars (volunteers). Guests mention the ample parking and the presence of the historic Jand tree and well.",https://maps.google.com/?cid=8446662938172440588&g_mp=CiVnb29nbGUubWFwcy5wbGFjZXMudjEuUGxhY2VzLkdldFBsYWNlEAIYBCAA,"[""places/ChIJuyiqkhSnGjkRDMA5nzCTOHU/photos/AaVGc3kfgIQ6cBIB66uywEhCXffuURL2b7mt5p7553XmRoUh-vVqsisogX5VRgy10yhEsPfBTilfQKsm_Etfky0XvCIrMTMcj7ccdyZb3QUFV8JqTiwWmRXHzCLQy_Gq9g4iHD2XNA_ymFshI8v_kpyZhspKR1AlPxk2KD9QJewFRc-eBRSBIGZmjSD3mmIgMxGj81KLb3eX-_YV5OPw5vySbTdQiQVH29lipOHqj3b1qI-LH7WPeQyd6Grsh7bRuIst_hbHchaU9wmfObmiA2VanBGYD2aoCziM3JNPz5zUePOgQgoTyQCsy47T8iYy1XOIHqVxpNVkYqXYPKe01FjG0LBWmLBEHYvgUz1gc8lK3I-Lg7RYEMN9ptHmGEOlkNcldqPi4zxzYCH-Eh4giGocfpcxweiQVdDY64F2Dhasc9PA_A"", ""places/ChIJuyiqkhSnGjkRDMA5nzCTOHU/photos/AaVGc3nBSwEz4r3otb2O_A9LtB2JOSq5_WdiEs_xRDwrZWehwc9TCixB-4jzqnnm4qoVtpBH25ceAdu18SD7ucvlrpGcRMtGJGmMo_-6Kz5Km_OSTf3WpTQ7w5_pUwZfj6yT0UCSJ3gb8XoNz_7oQGbXujMJ5saLHPgKcCkvzAEElE4WsfKtzJaeg5AuQc_hUpZ4wpCsr7v-N5_MIaMLjH6Ss-VGx6SyT5l7paAmuJESbnKNiAXZkRhiI1FCWy0Q78A5p1jCmaclpPK4pAHx4NA72GZpxsWCvaptaeqbqmx_zeHUOPTI-Bw-TF6q1FYjl66yqHihW8Jp95ln4L52yUZ5MFq_JOECfgHqVdOj_ONZWNjtB5hYifhnm4RTZMbqj27jpx9kIqiFD4Ii9i19CosZ0z4isce93RkuLMhG7LgMaKlrfQ"", ""places/ChIJuyiqkhSnGjkRDMA5nzCTOHU/photos/AaVGc3kSfFjfXDFCXT6SSsjp9CEqA5kdIdFSPyYK8ubS43bIfzz6dAGZVuTwKF-snzXDxRkQoeZ8Uwy8zuQgo1LLa5RN09XzEK0bk7hBY8KQlcP_Lapf2nf2y0oDoQrPsTWxxCzUvZy3MDZsKeVv90ZDtzW07X9YMvLU_5waYkJVmPeboX3JMJQj9WqqqM8vpiyj_AYtQA70G5KOoPg9nMQHyBuyZLOuxpAkjlusgOaSV3jZ4EVfAR8jm9mfys40LXc2HQhLK7cLFLIBZ8iRvYfnemR8UXHCsd1QBJlFGvfxaqifrkkvFkQMDup373BNlrYn1vpBMcuMs8OkFmN6VSNjQ3iLHZcLbl5ykv3dij-LtWberL2VAvKaKo_GLmgMTYQCCkzrYaOTFyYIcB-ZhyQwN6Jh7Oiux8936iwIH2Ki82J2Bg"", ""places/ChIJuyiqkhSnGjkRDMA5nzCTOHU/photos/AaVGc3msl01XjPDJI-A_U3H0j2pjyACd5VbKXz6w2wkg4gfT_MQfz5T3DMEizevZg85O9ERgC3_dUgUHMhPCwTtinzHQ8ODn8o98tpT8C-Gvo8JKiWX7zRpmZIYY-iFXFLUUCMIE8iNDTWT2S0jHMG1u-L5-0FfSLzY4OYj0OoNqdAXKrT-e-ZTS5vE0p_Oc54HnmXsAzNqZipYJulR4xWa06oPXV2Fod_M4czik8cj5CIrLHZc3TiWsSwAYEXZ0b-zclQPCpMDoHRZlK-1rzlLVYqgneWj9suMv0ZIW0G7jmnN6YDuInuNVrbmhv4XuZR77p601KZtvVT9cJMzsDAt--5_gu8cBnzQdh8HCDRpATfiiBTfbC2sQZGkt3A7jeqnxjqKvI4ZuML_s6zL7-XElAdDpKamVShtYJmlj7GNSGfykLtk"", ""places/ChIJuyiqkhSnGjkRDMA5nzCTOHU/photos/AaVGc3ktPFUIIjOvNj1HwvP5FhRscfQx-KGbYHq9AMQU6EMsZoCUcWCuIFc4zGozbeTcxhlSfC6GN5E3x0lKR-wwdm1XFrdMKIAtETOarSPjFRsUb4g8N2fuujSnefRvf54Pe7-4-t766qWgwr6qhJV0XQGTe_yKg3SaZkr3Vf4Vne-MWSruZAMIuDpKEAREPCWfvVPFYsVhI31AJ2-ImU6V4IcxXPWQJnrIqayl1ZJfmb8OwnwLAELCaSyGMerO47MEOkQCW8O5Z043Bqbfjh5Tp453ZBEaaZyHWXsuEIt-0izNp9x0pFLKzdlBISdVtEDTBg5nphVSfYmgoxWYXbavAZD2n3R-h0hjxOj42uo4i4MMwW8Q53JFUNCP-4Ty9mSy9A0HxKMCpWzoZkqlC5UvLnduH6KQj58_rrya4U85VQWYZRt3""]",OPERATIONAL,Gurudwara Charan Kanwal Sahib Machhiwara,"friends, couples, family with kids, family without kids",4.8869075012654575
rezang la war memorial,Memorial,pangong tso,Jammu and Kashmir,4.9,1464.0,"June,July,August","History,Patriotism,Remembering Heroes","{'History': 4.7, 'Patriotism': 4.6, 'Remembering Heroes': 4.8}",Rezang_La_War_Memorial__Ahir_Dham_pangong_tso_Jammu_and_Kashmir_0.webp,165.00,160.00,,True,True,True,True,"[""Monday: Open 24 hours"", ""Tuesday: Open 24 hours"", ""Wednesday: Open 24 hours"", ""Thursday: Open 24 hours"", ""Friday: Open 24 hours"", ""Saturday: Open 24 hours"", ""Sunday: Open 24 hours""]",,,"tourist_attraction, point_of_interest, establishment",33.518615,78.731509,"Rezang La War Memorial, Ahir Dham",4.9,1464.0,,"GP9J+CJR, Tsaka La Rd",,"Visitors say this war memorial offers a deeply moving experience with a poignant theater showcasing the heroic ""Story of Rezang La"" and a well-curated souvenir shop. They also highlight the knowledgeable staff who provide insightful guided tours and detailed briefings about the 1962 Indo-China war. Guests mention the modern facilities, including a museum and helipad, and appreciate the cozy cafe with yummy food.",https://maps.google.com/?cid=3431924749495422829&g_mp=CiVnb29nbGUubWFwcy5wbGFjZXMudjEuUGxhY2VzLkdldFBsYWNlEAIYBCAA,"[""places/ChIJYTH_zjtMADkRbc-LZWCloC8/photos/AaVGc3nCR202jj8mtwuW0SYWJm54yUVHraMzfTJXbrCucZpA7oT_LvMr75ZYliJthdhlOIk_EmILQ7jtWk4WHdxpwkFKo1ukF8NH2MsIlXqQqt02hkIvIJTdkoiRVkT-vLD4lvIUFp0Jtv1iC0ic5BHftHu30tohKkbYFP__Uxy8Ty0mBT3geoETzw0P1VMFmkVWfvOES40J__gVDG1v8jj9SD8IUqdV30rglRoni-zenGuBKrf1mA_hK9mHFRcMsEe5ZVaNpTforL_AipuQnWIzd7LhoQ0reJXP6fI7bu_T-KBGh6Rnp_qahXdEuM2uirZx4UcJ-LDkMtAj30QHX8mibIkMn1tw-r_yPmT1XFYwNCa1SnB-hSihmSjTmhmUHB6haNaSHTtc7CvJGRNnSQjuWnpO3XBebzuRQrl54koE9G7kcHpC"", ""places/ChIJYTH_zjtMADkRbc-LZWCloC8/photos/AaVGc3npkfqYDk7Ivfml66lLvtWmQrntU-jTuWdCebUEYzOM5hmcia3bKiBtor_owAe8xcUde5RdlhkhPmdU5UIZOBtGmkPeyqNP4QKUKdNsOTy9yqdb014fYuT6xNYhjvyERTfpWWjG-vQC8tX7W1dMrNEXjCWAIFqJLrNBYhUpF9HbRZRP-GVsoRXzeahRPjU4yV5xDXNp0btbVDkBo-zCft93lp2U73uoq2HexjOCZt5hjSEhKq20gIl1w6EZNHQ7A_Xq3Owr_aFZ78hGeLKG9P4P5JQYMd33aJFEHIVGK4HdZ58YjBP1V1cPORW-r9L8f0pMLZ207afAUVW1HFLrRYaxBSQrjquiSYZWnYK8V3aZeXqkUiqAgYG6_x2LsZAd35HjbYgmXwrzwxwFSGWIDQLKJ-6DrlwUhNuJZaXBPwnWVKN8trI01scaDlvaoe_J"", ""places/ChIJYTH_zjtMADkRbc-LZWCloC8/photos/AaVGc3mq40dUWZKwaIhwciw3zli4sA3YqjnNm0BDJsVNbFIOgQjI-ZEddj-6ua4t-Td_FqJlG28B2XulgRf82cQc1LWLD6Oec_zUJbiEDtMWPTpKvLR7ehB2aYFkEWtLadwXFcjbDQhIqDmhBpjXlFqybzdvw4jLHjqXIYfXcGbDz4QhbyvZ3RcP3qfDhjBtTKnEY4BBBlPSLXUc6zts3sWfzoPb5I5zIDlpj3R9i_X7CD28REgiuXNNmRYiz1owsCzuVGWUvuvrbmD2HMA281eVn_x5peNxD6U5uL0aACW6KpRW3fXqLx2zNF14P-y1n8PQgFQ82FRWRUiCNuDJSbfFtg8bqfLzCrbDKtqOYi5QB9TJd_qPcpk6FhYRZSOmZVHGLetDIvB5eswWHm9fvVmQjOc8TVAgnQlk6W1EjkrcI1Wfl2s-60z18bwZPfbcPfEW"", ""places/ChIJYTH_zjtMADkRbc-LZWCloC8/photos/AaVGc3kjAoWvybLrG2bMsDSCwkkRVcmrIgrT6tUTcqg0dYoNpPSfqF-CRjoRSVaRFaDHKgwr2og9BIrdFCyfkaQ3rJ9361EEX6tSkp6N46Sj6oW01TclYgnL02yNuz0ZYq7zK_AerZdkPllesSxxvuoA00g138k1stXjt6_d756znGSrzK9ALBATvmAUPrPZyGtiJYOAXDJ5UNHuILW5yVaW3PXMlpUnl07yAkJHdLF7Fo9o5aBMtW594mfAoPbN1vYbYUL2ey9bQmKiyK6UHgJuRYqH68x9avh6Tla_IJj6fgGtM555govcP7btcmJCeldRgTZ70kA9Yyg3dTnuZlaWI4e9T9Tr4IEwN5tNxwAQTTMrTxpeow3UjqhjuFJx8WGrExPomfpNonbsxxy_9ZKPphecjaKMxFey2S_XDmbOMPCI_Q"", ""places/ChIJYTH_zjtMADkRbc-LZWCloC8/photos/AaVGc3lA_iiKOhbcFugpk4bJo5xwZ51TH-xs6xSd6zGybOH3YRlMWj_pdHQm_zFG07xpuFtmPv8fH5K8X5qf_5PGTeMOQGknCOXxcV_p6tgjkD5hvdrq-vQLxsDF4BxfAvLmgVdHZcn6n-yv8XqOCyJccbv2twbyg4VwEOXlwJaiToURxGXP6pkIg_fdJUDUCFXctyQw7rq-WZAMR72pq8NdrRpxDf291VvFg5mTfoLXjOOX5U5hvICKgJBtGpIaVA2ShhIb_A5r-RoL7QaK-VoI6n8ivny0mRcwtu6uyrmkodR9OqBo-F9tPoDFA2KKmEuqtoD_rKI_lyfv4lT8-vjAKQIBPmTU0k3B94n6fO_hdir7l4BUjhRqbWeBWM1Sl_jkRhvuHvAnh8o4pBNOs4qJaCwVm1ZKE46HrIDOaCv_n8fkGm3-""]",OPERATIONAL,"Rezang La War Memorial, Ahir Dham","friends, couples, family with kids, family without kids",4.883197671703291
